<?xml version="1.0"?>
<!DOCTYPE hibernate-mapping PUBLIC
        "-//Hibernate/Hibernate Mapping DTD 2.0//EN"
        "http://hibernate.sourceforge.net/hibernate-mapping-2.0.dtd">

<hibernate-mapping>
    <class name="com.fortify.samples.riches.model.Profile" table="profile" >
        <id name="id" column="id" type="java.lang.Long" unsaved-value="null">
            <generator class="native"/>
        </id>
        <property name="username" column="username" type="java.lang.String" />
        <property name="password" column="password" type="java.lang.String" />
        <property name="firstname" column="firstname" type="java.lang.String" />
        <property name="lastname" column="lastname" type="java.lang.String" />
        <property name="email" column="email" type="java.lang.String" />
        <property name="ssno" column="ssno" type="java.lang.String" />
    </class>
</hibernate-mapping>